[
    {
      "model": "projects.project",
      "pk": 1,
      "fields": {
        "keywords_string": "",
        "site": 1,
        "title": "Chinese Exchange Poems",
        "slug": "chinese-exchange-poems",
        "_meta_title": null,
        "description": "Chinese Exchange Poems",
        "gen_description": true,
        "created": "2018-08-30T18:45:41.568Z",
        "updated": "2018-08-30T18:45:41.568Z",
        "status": 2,
        "publish_date": "2018-08-30T18:45:41.565Z",
        "expiry_date": null,
        "short_url": null,
        "in_sitemap": true,
        "short_description": "",
        "long_description": "",
        "highlight": false,
        "cdh_built": false,
        "image": "",
        "thumb": "",
        "attachments": []
      }
    },
    {
      "model": "projects.project",
      "pk": 2,
      "fields": {
        "keywords_string": "",
        "site": 1,
        "title": "PPA",
        "slug": "ppa",
        "_meta_title": null,
        "description": "PPA",
        "gen_description": true,
        "created": "2018-08-30T18:48:02.917Z",
        "updated": "2018-08-30T18:48:02.917Z",
        "status": 2,
        "publish_date": "2018-08-30T18:48:02.913Z",
        "expiry_date": null,
        "short_url": null,
        "in_sitemap": true,
        "short_description": "",
        "long_description": "",
        "highlight": false,
        "cdh_built": false,
        "image": "",
        "thumb": "",
        "attachments": []
      }
    },
    {
      "model": "projects.granttype",
      "pk": 1,
      "fields": {
        "grant_type": "Staff R&D"
      }
    },
    {
      "model": "projects.granttype",
      "pk": 2,
      "fields": {
        "grant_type": "Postdoctoral Research Project"
      }
    },
    {
      "model": "projects.granttype",
      "pk": 3,
      "fields": {
        "grant_type": "Sponsored Project"
      }
    },
    {
      "model": "projects.grant",
      "pk": 1,
      "fields": {
        "start_date": "2015-01-01",
        "end_date": "2016-01-01",
        "project": 1,
        "grant_type": 3
      }
    },
    {
      "model": "projects.grant",
      "pk": 2,
      "fields": {
        "start_date": "2015-01-01",
        "end_date": "2016-01-01",
        "project": 2,
        "grant_type": 3
      }
    },
    {
      "model": "projects.grant",
      "pk": 3,
      "fields": {
        "start_date": "2017-01-01",
        "end_date": "2018-09-29",
        "project": 2,
        "grant_type": 3
      }
    },
    {
      "model": "projects.role",
      "pk": 1,
      "fields": {
        "title": "Project Director",
        "sort_order": 0
      }
    },
    {
      "model": "people.title",
      "pk": 1,
      "fields": {
        "title": "Faculty Director",
        "sort_order": 1
      }
    },
    {
      "model": "people.title",
      "pk": 2,
      "fields": {
        "title": "Lead Developer",
        "sort_order": 2
      }
    },
    {
      "model": "people.title",
      "pk": 3,
      "fields": {
        "title": "staff",
        "sort_order": 3
      }
    },
    {
      "model": "people.title",
      "pk": 4,
      "fields": {
        "title": "Associate",
        "sort_order": 0
      }
    },
    {
      "model": "people.title",
      "pk": 5,
      "fields": {
        "title": "Postdoctoral Fellow",
        "sort_order": 0
      }
    },
    {
      "model": "people.title",
      "pk": 6,
      "fields": {
        "title": "Graduate Assistant",
        "sort_order": 0
      }
    },
    {
      "model": "people.title",
      "pk": 7,
      "fields": {
        "title": "Undergraduate Assistant",
        "sort_order": 0
      }
    },
    {
      "model": "people.title",
      "pk": 8,
      "fields": {
        "title": "Professor of Art and Archaeology and American Studies. Associate Director",
        "sort_order": 0
      }
    },
    {
      "model": "people.title",
      "pk": 9,
      "fields": {
        "title": "Executive Committee Member",
        "sort_order": 10
      }
    },
    {
      "model": "people.title",
      "pk": 10,
      "fields": {
        "title": "Sits with Executive Committee",
        "sort_order": 11
      }
    },
    {
      "model": "people.title",
      "pk": 11,
      "fields": {
        "title": "Acting Faculty Director",
        "sort_order": 0
      }
    },
    {
      "model": "people.title",
      "pk": 12,
      "fields": {
        "title": "VP for Information Technology and Chief Information Officer",
        "sort_order": 0
      }
    },
    {
      "model": "resources.resourcetype",
      "pk": 1,
      "fields": {
        "name": "Website",
        "sort_order": 0
      }
    },
    {
      "model": "resources.resourcetype",
      "pk": 2,
      "fields": {
        "name": "Twitter",
        "sort_order": 1
      }
    },
    {
      "model": "resources.resourcetype",
      "pk": 3,
      "fields": {
        "name": "Github",
        "sort_order": 2
      }
    },
    {
      "model": "events.eventtype",
      "pk": 1,
      "fields": {
        "name": "Workshop"
      }
    },
    {
      "model": "events.eventtype",
      "pk": 2,
      "fields": {
        "name": "Guest Lecture"
      }
    },
    {
      "model": "events.eventtype",
      "pk": 3,
      "fields": {
        "name": "Reception"
      }
    },
    {
      "model": "events.eventtype",
      "pk": 4,
      "fields": {
        "name": "Reading Group"
      }
    },
    {
      "model": "events.eventtype",
      "pk": 5,
      "fields": {
        "name": "Panel"
      }
    },
    {
      "model": "events.eventtype",
      "pk": 6,
      "fields": {
        "name": "Deadline"
      }
    },
    {
      "model": "events.eventtype",
      "pk": 7,
      "fields": {
        "name": "Working Group"
      }
    },
    {
      "model": "events.eventtype",
      "pk": 8,
      "fields": {
        "name": "Symposium"
      }
    },
    {
      "model": "events.location",
      "pk": 1,
      "fields": {
        "name": "Center for Digital Humanities",
        "short_name": "CDH",
        "address": "Firestone Library, Floor B"
      }
    },
    {
      "model": "auth.user",
      "pk": 1,
      "fields": {
        "password": "",
        "last_login": "2016-11-11T22:28:04.930Z",
        "is_superuser": true,
        "username": "developer",
        "first_name": "",
        "last_name": "",
        "email": "",
        "is_staff": true,
        "is_active": true,
        "date_joined": "2016-11-11T20:25:33.169Z",
        "groups": [],
        "user_permissions": []
      }
    },
    {
      "model": "auth.user",
      "pk": 2,
      "fields": {
        "password": "",
        "last_login": null,
        "is_superuser": false,
        "username": "staff",
        "first_name": "",
        "last_name": "",
        "email": "",
        "is_staff": false,
        "is_active": true,
        "date_joined": "2018-08-30T18:42:00.206Z",
        "groups": [],
        "user_permissions": []
      }
    },
    {
      "model": "auth.user",
      "pk": 3,
      "fields": {
        "password": "",
        "last_login": null,
        "is_superuser": false,
        "username": "postdoc",
        "first_name": "",
        "last_name": "",
        "email": "",
        "is_staff": false,
        "is_active": true,
        "date_joined": "2018-08-30T18:43:22.973Z",
        "groups": [],
        "user_permissions": []
      }
    },
    {
      "model": "auth.user",
      "pk": 4,
      "fields": {
        "password": "",
        "last_login": null,
        "is_superuser": false,
        "username": "grad",
        "first_name": "",
        "last_name": "",
        "email": "",
        "is_staff": false,
        "is_active": true,
        "date_joined": "2018-08-30T18:43:52.336Z",
        "groups": [],
        "user_permissions": []
      }
    },
    {
      "model": "auth.user",
      "pk": 5,
      "fields": {
        "password": "",
        "last_login": null,
        "is_superuser": false,
        "username": "undergrad",
        "first_name": "",
        "last_name": "",
        "email": "",
        "is_staff": false,
        "is_active": true,
        "date_joined": "2018-08-30T18:44:36.416Z",
        "groups": [],
        "user_permissions": []
      }
    },
    {
      "model": "auth.user",
      "pk": 6,
      "fields": {
        "password": "",
        "last_login": null,
        "is_superuser": false,
        "username": "tom",
        "first_name": "",
        "last_name": "",
        "email": "",
        "is_staff": false,
        "is_active": true,
        "date_joined": "2018-08-30T18:45:15.960Z",
        "groups": [],
        "user_permissions": []
      }
    },
    {
      "model": "auth.user",
      "pk": 7,
      "fields": {
        "password": "",
        "last_login": null,
        "is_superuser": false,
        "username": "Meredith",
        "first_name": "",
        "last_name": "",
        "email": "",
        "is_staff": false,
        "is_active": true,
        "date_joined": "2018-08-30T18:47:18.058Z",
        "groups": [],
        "user_permissions": []
      }
    },
    {
      "model": "auth.user",
      "pk": 8,
      "fields": {
        "password": "",
        "last_login": null,
        "is_superuser": false,
        "username": "staff2",
        "first_name": "",
        "last_name": "",
        "email": "",
        "is_staff": false,
        "is_active": true,
        "date_joined": "2018-08-30T18:50:08.342Z",
        "groups": [],
        "user_permissions": []
      }
    },
    {
      "model": "auth.user",
      "pk": 9,
      "fields": {
        "password": "",
        "last_login": null,
        "is_superuser": false,
        "username": "billshakes",
        "first_name": "William",
        "last_name": "Shakespeare",
        "email": "",
        "is_staff": false,
        "is_active": true,
        "date_joined": "2018-08-30T18:50:08.342Z",
        "groups": [],
        "user_permissions": []
      }
    },
    {
        "model": "auth.user",
        "pk": 10,
        "fields": {
          "password": "",
          "last_login": null,
          "is_superuser": false,
          "username": "rdelue",
          "first_name": "Rachael",
          "last_name": "DeLue",
          "email": "",
          "is_staff": false,
          "is_active": true,
          "date_joined": "2018-09-04T14:52:31.358Z",
          "groups": [],
          "user_permissions": []
        }
    },
    {
      "model": "auth.user",
      "pk": 11,
      "fields": {
        "password": "",
        "last_login": null,
        "is_superuser": false,
        "username": "jdominick",
        "first_name": "Jay",
        "last_name": "Dominick",
        "email": "",
        "is_staff": false,
        "is_active": true,
        "date_joined": "2018-09-04T15:00:13.753Z",
        "groups": [],
        "user_permissions": []
      }
    },
    {
      "model": "people.profile",
      "pk": 1,
      "fields": {
        "keywords_string": "",
        "site": 1,
        "title": "Amazing Contributor",
        "slug": "amazing-contributor",
        "_meta_title": null,
        "description": " ",
        "gen_description": true,
        "created": "2018-08-30T18:42:23.060Z",
        "updated": "2018-08-30T18:42:23.060Z",
        "status": 2,
        "publish_date": "2018-08-30T18:42:23.052Z",
        "expiry_date": null,
        "short_url": null,
        "in_sitemap": true,
        "user": 2,
        "is_staff": true,
        "education": "",
        "bio": "",
        "phone_number": "",
        "office_location": "",
        "job_title": "",
        "department": "",
        "institution": "",
        "pu_status": "",
        "image": "",
        "thumb": "",
        "attachments": []
      }
    },
    {
      "model": "people.profile",
      "pk": 2,
      "fields": {
        "keywords_string": "",
        "site": 1,
        "title": "",
        "slug": "postdoc",
        "_meta_title": null,
        "description": " ",
        "gen_description": true,
        "created": "2018-08-30T18:43:29.771Z",
        "updated": "2018-08-30T18:43:29.771Z",
        "status": 2,
        "publish_date": "2018-08-30T18:43:29.768Z",
        "expiry_date": null,
        "short_url": null,
        "in_sitemap": true,
        "user": 3,
        "is_staff": true,
        "education": "",
        "bio": "",
        "phone_number": "",
        "office_location": "",
        "job_title": "",
        "department": "",
        "institution": "",
        "pu_status": "",
        "image": "",
        "thumb": "",
        "attachments": []
      }
    },
    {
      "model": "people.profile",
      "pk": 3,
      "fields": {
        "keywords_string": "",
        "site": 1,
        "title": "Graduate Student",
        "slug": "grad",
        "_meta_title": null,
        "description": " ",
        "gen_description": true,
        "created": "2018-08-30T18:43:57.523Z",
        "updated": "2018-08-30T18:43:57.523Z",
        "status": 2,
        "publish_date": "2018-08-30T18:43:57.523Z",
        "expiry_date": null,
        "short_url": null,
        "in_sitemap": true,
        "user": 4,
        "is_staff": true,
        "education": "",
        "bio": "",
        "phone_number": "",
        "office_location": "",
        "job_title": "",
        "department": "",
        "institution": "",
        "pu_status": "graduate",
        "image": "",
        "thumb": "",
        "attachments": []
      }
    },
    {
      "model": "people.profile",
      "pk": 4,
      "fields": {
        "keywords_string": "",
        "site": 1,
        "title": "Undergraduate Student",
        "slug": "undergrad",
        "_meta_title": null,
        "description": " ",
        "gen_description": true,
        "created": "2018-08-30T18:44:40.994Z",
        "updated": "2018-08-30T18:44:40.994Z",
        "status": 2,
        "publish_date": "2018-08-30T18:44:40.994Z",
        "expiry_date": null,
        "short_url": null,
        "in_sitemap": true,
        "user": 5,
        "is_staff": true,
        "education": "",
        "bio": "",
        "phone_number": "",
        "office_location": "",
        "job_title": "",
        "department": "",
        "institution": "",
        "pu_status": "undergraduate",
        "image": "",
        "thumb": "",
        "attachments": []
      }
    },
    {
      "model": "people.profile",
      "pk": 5,
      "fields": {
        "keywords_string": "",
        "site": 1,
        "title": "Tom M.",
        "slug": "tom",
        "_meta_title": null,
        "description": " ",
        "gen_description": true,
        "created": "2018-08-30T18:45:21.258Z",
        "updated": "2018-08-30T18:45:21.258Z",
        "status": 2,
        "publish_date": "2018-08-30T18:45:21.258Z",
        "expiry_date": null,
        "short_url": null,
        "in_sitemap": true,
        "user": 6,
        "is_staff": false,
        "education": "",
        "bio": "",
        "phone_number": "",
        "office_location": "",
        "job_title": "",
        "department": "",
        "institution": "",
        "pu_status": "graduate",
        "image": "",
        "thumb": "",
        "attachments": []
      }
    },
    {
      "model": "people.profile",
      "pk": 6,
      "fields": {
        "keywords_string": "",
        "site": 1,
        "title": "",
        "slug": "-1",
        "_meta_title": null,
        "description": " ",
        "gen_description": true,
        "created": "2018-08-30T18:47:21.622Z",
        "updated": "2018-08-30T18:47:21.622Z",
        "status": 2,
        "publish_date": "2018-08-30T18:47:21.614Z",
        "expiry_date": null,
        "short_url": null,
        "in_sitemap": true,
        "user": 7,
        "is_staff": false,
        "education": "",
        "bio": "",
        "phone_number": "",
        "office_location": "",
        "job_title": "",
        "department": "",
        "institution": "",
        "pu_status": "fac",
        "image": "",
        "thumb": "",
        "attachments": []
      }
    },
    {
      "model": "people.profile",
      "pk": 7,
      "fields": {
        "keywords_string": "",
        "site": 1,
        "title": "Great Writer",
        "slug": "staffer2",
        "_meta_title": null,
        "description": " ",
        "gen_description": true,
        "created": "2018-08-30T18:50:12.673Z",
        "updated": "2018-08-30T18:50:12.673Z",
        "status": 2,
        "publish_date": "2018-08-30T18:50:12.673Z",
        "expiry_date": null,
        "short_url": null,
        "in_sitemap": true,
        "user": 8,
        "is_staff": true,
        "education": "",
        "bio": "",
        "phone_number": "",
        "office_location": "",
        "job_title": "",
        "department": "",
        "institution": "",
        "pu_status": "",
        "image": "",
        "thumb": "",
        "attachments": []
      }
    },
    {
      "model": "people.profile",
      "pk": 8,
      "fields": {
        "keywords_string": "",
        "site": 1,
        "title": "William Shakespeare",
        "slug": "shakespeare",
        "_meta_title": null,
        "description": " ",
        "gen_description": true,
        "created": "2018-08-30T18:50:12.673Z",
        "updated": "2018-08-30T18:50:12.673Z",
        "status": 2,
        "publish_date": "2018-08-30T18:50:12.673Z",
        "expiry_date": null,
        "short_url": null,
        "in_sitemap": true,
        "user": 9,
        "is_staff": false,
        "education": "",
        "bio": "",
        "phone_number": "",
        "office_location": "",
        "job_title": "Sweet Swan of Avon",
        "department": "Drama",
        "institution": "The Globe Theatre",
        "pu_status": "external",
        "image": "",
        "thumb": "",
        "attachments": []
      }
    },
    {
        "model": "people.profile",
        "pk": 9,
        "fields": {
          "keywords_string": "",
          "site": 1,
          "title": "Rachael Z. DeLue",
          "slug": "rachael-z-delue",
          "_meta_title": null,
          "description": "Rachael DeLue",
          "gen_description": true,
          "created": "2018-09-04T14:52:31.729Z",
          "updated": "2018-09-04T14:57:58.675Z",
          "status": 2,
          "publish_date": "2018-09-04T14:52:31Z",
          "expiry_date": null,
          "short_url": null,
          "in_sitemap": true,
          "user": 10,
          "is_staff": true,
          "education": "",
          "bio": "",
          "phone_number": "",
          "office_location": "307 McCormick Hall",
          "job_title": "Professor of Art and Archaeology and American Studies",
          "department": "Art and Archaeology",
          "institution": "",
          "pu_status": "fac",
          "image": "",
          "thumb": "",
          "attachments": []
        }
    },
    {
      "model": "people.profile",
      "pk": 10,
      "fields": {
        "keywords_string": "",
        "site": 1,
        "title": "Jay Dominick",
        "slug": "jay-dominick",
        "_meta_title": null,
        "description": "Jay Dominick",
        "gen_description": true,
        "created": "2018-09-04T15:00:14.099Z",
        "updated": "2018-09-04T15:01:02.713Z",
        "status": 2,
        "publish_date": "2018-09-04T15:00:14.097Z",
        "expiry_date": null,
        "short_url": null,
        "in_sitemap": true,
        "user": 11,
        "is_staff": false,
        "education": "",
        "bio": "",
        "phone_number": "",
        "office_location": "245A 701 Carnegie Center",
        "job_title": "VP for Information Technology and Chief Information Officer, Office of the Vice President for Information Technology",
        "department": "Office of the Vice President for Information Technology",
        "institution": "",
        "pu_status": "stf",
        "image": "",
        "thumb": "",
        "attachments": []
      }
    },
    {
      "model": "people.position",
      "pk": 1,
      "fields": {
        "start_date": "2016-10-17",
        "end_date": null,
        "user": 1,
        "title": 2
      }
    },
    {
      "model": "people.position",
      "pk": 2,
      "fields": {
        "start_date": "2015-01-01",
        "end_date": "2015-12-31",
        "user": 2,
        "title": 4
      }
    },
    {
      "model": "people.position",
      "pk": 3,
      "fields": {
        "start_date": "2016-06-01",
        "end_date": null,
        "user": 2,
        "title": 3
      }
    },
    {
      "model": "people.position",
      "pk": 4,
      "fields": {
        "start_date": "2015-01-01",
        "end_date": null,
        "user": 3,
        "title": 5
      }
    },
    {
      "model": "people.position",
      "pk": 5,
      "fields": {
        "start_date": "2016-06-01",
        "end_date": null,
        "user": 4,
        "title": 6
      }
    },
    {
      "model": "people.position",
      "pk": 6,
      "fields": {
        "start_date": "2016-06-01",
        "end_date": null,
        "user": 4,
        "title": 6
      }
    },
    {
      "model": "people.position",
      "pk": 7,
      "fields": {
        "start_date": "2015-06-01",
        "end_date": "2016-06-01",
        "user": 5,
        "title": 7
      }
    },
    {
      "model": "people.position",
      "pk": 8,
      "fields": {
        "start_date": "2015-06-01",
        "end_date": "2016-06-01",
        "user": 5,
        "title": 7
      }
    },
    {
      "model": "people.position",
      "pk": 9,
      "fields": {
        "start_date": "2015-01-01",
        "end_date": null,
        "user": 7,
        "title": 1
      }
    },
    {
      "model": "people.position",
      "pk": 10,
      "fields": {
        "start_date": "2016-09-01",
        "end_date": null,
        "user": 10,
        "title": 9
      }
    },
    {
      "model": "people.position",
      "pk": 11,
      "fields": {
        "start_date": "2017-01-01",
        "end_date": "2017-12-31",
        "user": 10,
        "title": 11
      }
    },
    {
      "model": "people.position",
      "pk": 12,
      "fields": {
        "start_date": "2016-09-01",
        "end_date": null,
        "user": 11,
        "title": 10
      }
    },
    {
      "model": "resources.userresource",
      "pk": 1,
      "fields": {
        "resource_type": 1,
        "user": 6,
        "url": "http://person.me"
      }
    },
    {
      "model": "blog.blogpost",
      "pk": 1,
      "fields": {
        "keywords_string": "",
        "site": 1,
        "title": "Solo blog post",
        "slug": "solo-blog-post",
        "_meta_title": null,
        "description": "Solo blog post",
        "gen_description": true,
        "created": "2018-08-30T18:50:27.406Z",
        "updated": "2018-08-30T18:50:27.406Z",
        "status": 2,
        "publish_date": "2018-08-30T18:50:27.401Z",
        "expiry_date": null,
        "short_url": null,
        "in_sitemap": true,
        "content": "",
        "featured_image": "",
        "is_featured": false,
        "users": [
          2
        ],
        "related_posts": [],
        "attachments": []
      }
    },
    {
      "model": "blog.blogpost",
      "pk": 2,
      "fields": {
        "keywords_string": "",
        "site": 1,
        "title": "Collaborative blog post",
        "slug": "collaborative-blog-post",
        "_meta_title": null,
        "description": "Collaborative blog post",
        "gen_description": true,
        "created": "2018-08-30T18:50:31.756Z",
        "updated": "2018-08-30T18:50:31.756Z",
        "status": 2,
        "publish_date": "2018-08-30T18:50:31.754Z",
        "expiry_date": null,
        "short_url": null,
        "in_sitemap": true,
        "content": "",
        "featured_image": "",
        "is_featured": false,
        "users": [
          2,
          8
        ],
        "related_posts": [],
        "attachments": []
      }
    },
    {
      "model": "projects.membership",
      "pk": 1,
      "fields": {
        "project": 1,
        "user": 6,
        "grant": 1,
        "role": 1
      }
    },
    {
      "model": "projects.membership",
      "pk": 2,
      "fields": {
        "project": 2,
        "user": 7,
        "grant": 2,
        "role": 1
      }
    },
    {
      "model": "projects.membership",
      "pk": 3,
      "fields": {
        "project": 2,
        "user": 7,
        "grant": 3,
        "role": 1
      }
    }
  ]
